{
  "name": "bcore",
  "version": "0.0.1",
  "description": "This theme is for WordPress and made by BrandCo.",
  "repository": {
    "type": "git",
    "url": "https://bco_david@bitbucket.org/brandco/heritagewoodsga.com.git"
  },
  "author": "The BrandCo Team",
  "license": "GPLv2 or later",
  "devDependencies": {
    "grunt": "~0.4.2",
    "grunt-contrib-clean": "~0.5.0",
    "grunt-contrib-copy": "~0.5.0",
    "grunt-contrib-cssmin": "~0.7.0",
    "grunt-contrib-qunit": "~0.4.0",
    "grunt-contrib-uglify": "~0.3.0",
    "grunt-contrib-watch": "~0.5.3",
    "grunt-contrib-compress": "~0.6.0",
    "grunt-contrib-concat": "~0.3.0",
    "grunt-contrib-jshint": "~0.8.0",
    "grunt-cssjanus": "~0.2.2",
    "grunt-sass": "~0.10.0",
    "grunt-autoprefixer": "~0.7.1",
    "grunt-jsvalidate": "~0.2.2",
    "grunt-contrib-imagemin" : "~0.4.1",
    "grunt-patch-wordpress" : "~0.2.1",
    "matchdep": "~0.3.0"
  }
}
